reference,email,postcode
D6oD9zX9d3,sscs+myapt.298@mailinator.com,E1 6JJ
75RybjQEvz,sscs+myapt.297@mailinator.com,E1 6JJ
7EBomvBmgs,sscs+myapt.300@mailinator.com,E1 6JJ
F7keIdT9BI,sscs+myapt.165@mailinator.com,E1 6JJ
LmnJRgZM8r,sscs+myapt.182@mailinator.com,E1 6JJ
IO8XDF1UNS,sscs+myapt.296@mailinator.com,E1 6JJ
FKDVQFqdrv,sscs+myapt.294@mailinator.com,E1 6JJ
o1dloqlzI4,sscs+myapt.293@mailinator.com,E1 6JJ
w4GZHkaWBZ,sscs+myapt.292@mailinator.com,E1 6JJ
96DIRXxF0p,sscs+myapt.290@mailinator.com,E1 6JJ
luJdWeT4Jw,sscs+myapt.287@mailinator.com,E1 6JJ
VhF4iBm87O,sscs+myapt.288@mailinator.com,E1 6JJ
7MXgAzont9,sscs+myapt.286@mailinator.com,E1 6JJ
VTPkmREBpe,sscs+myapt.284@mailinator.com,E1 6JJ
NC8p8HTiYv,sscs+myapt.283@mailinator.com,E1 6JJ
hgnluZf401,sscs+myapt.282@mailinator.com,E1 6JJ
OtjEH83xEj,sscs+myapt.280@mailinator.com,E1 6JJ
WMUgQai7tY,sscs+myapt.279@mailinator.com,E1 6JJ
Eh7rHBeUt0,sscs+myapt.277@mailinator.com,E1 6JJ
59YeMSCo9T,sscs+myapt.276@mailinator.com,E1 6JJ
GCHT7Pvqgq,sscs+myapt.275@mailinator.com,E1 6JJ
ejzTzccKTM,sscs+myapt.273@mailinator.com,E1 6JJ
KfzqKm4Vdo,sscs+myapt.272@mailinator.com,E1 6JJ
8eXEH8BbwF,sscs+myapt.269@mailinator.com,E1 6JJ
RReNYiTyQE,sscs+myapt.268@mailinator.com,E1 6JJ
chCjtDUtUQ,sscs+myapt.267@mailinator.com,E1 6JJ
AcJYY3mFFX,sscs+myapt.263@mailinator.com,E1 6JJ
GDqMxrqp2u,sscs+myapt.261@mailinator.com,E1 6JJ
bBs7j1fdH8,sscs+myapt.256@mailinator.com,E1 6JJ
XJ7vaZ2iaA,sscs+myapt.258@mailinator.com,E1 6JJ
fMLb2To5sZ,sscs+myapt.254@mailinator.com,E1 6JJ
G7iGFitGIe,sscs+myapt.252@mailinator.com,E1 6JJ
Dhh28200RW,sscs+myapt.251@mailinator.com,E1 6JJ
MmPkFXHf4h,sscs+myapt.245@mailinator.com,E1 6JJ
xX4OIgT7Lx,sscs+myapt.244@mailinator.com,E1 6JJ
yGi8y9DaUL,sscs+myapt.242@mailinator.com,E1 6JJ
OmnxeWIWhj,sscs+myapt.241@mailinator.com,E1 6JJ
Ub8b2bRjcg,sscs+myapt.240@mailinator.com,E1 6JJ
DIwNmb4EIL,sscs+myapt.237@mailinator.com,E1 6JJ
KX4Lnx6fg6,sscs+myapt.238@mailinator.com,E1 6JJ
fhVmhNBsAW,sscs+myapt.235@mailinator.com,E1 6JJ
6HVYql7oPX,sscs+myapt.234@mailinator.com,E1 6JJ
8VhClk82qR,sscs+myapt.233@mailinator.com,E1 6JJ
rU3FEk4LAh,sscs+myapt.231@mailinator.com,E1 6JJ
8OJPLXERVu,sscs+myapt.230@mailinator.com,E1 6JJ
IRWYPwqcRh,sscs+myapt.228@mailinator.com,E1 6JJ
sHKgM5OFki,sscs+myapt.227@mailinator.com,E1 6JJ
SdWXoUqadj,sscs+myapt.225@mailinator.com,E1 6JJ
9IeARRPpfk,sscs+myapt.223@mailinator.com,E1 6JJ
5bHrJpByek,sscs+myapt.222@mailinator.com,E1 6JJ
OFnlkE4g8y,sscs+myapt.220@mailinator.com,E1 6JJ
4Igl0y2laM,sscs+myapt.219@mailinator.com,E1 6JJ
FrshdSHkPB,sscs+myapt.217@mailinator.com,E1 6JJ
oc2fuB4Ggr,sscs+myapt.215@mailinator.com,E1 6JJ
kVjpPQ4RBg,sscs+myapt.211@mailinator.com,E1 6JJ
mcdIYqRKvi,sscs+myapt.210@mailinator.com,E1 6JJ
0Xr1XhCbHG,sscs+myapt.206@mailinator.com,E1 6JJ
pe9vLI7Eof,sscs+myapt.207@mailinator.com,E1 6JJ
mrDRVIdYxj,sscs+myapt.208@mailinator.com,E1 6JJ
eEgWqtUjym,sscs+myapt.204@mailinator.com,E1 6JJ
YI8pWRFF0t,sscs+myapt.202@mailinator.com,E1 6JJ
lJcQ0UUyFd,sscs+myapt.201@mailinator.com,E1 6JJ
7T4Fjh0ze6,sscs+myapt.198@mailinator.com,E1 6JJ
zdpYvciTHL,sscs+myapt.196@mailinator.com,E1 6JJ
q4rMCQ0g0d,sscs+myapt.193@mailinator.com,E1 6JJ
lrve50FYPn,sscs+myapt.190@mailinator.com,E1 6JJ
rC4JQqbRFg,sscs+myapt.189@mailinator.com,E1 6JJ
9fhCh2Z2Hg,sscs+myapt.183@mailinator.com,E1 6JJ
dEeUYYbrL6,sscs+myapt.186@mailinator.com,E1 6JJ
1a7kBVu1u7,sscs+myapt.187@mailinator.com,E1 6JJ
avJpZUzKbY,sscs+myapt.185@mailinator.com,E1 6JJ
2bQ8yh3i0D,sscs+myapt.179@mailinator.com,E1 6JJ
MwqRm6bWdZ,sscs+myapt.178@mailinator.com,E1 6JJ
psni6THdCe,sscs+myapt.175@mailinator.com,E1 6JJ
croP7tjCMH,sscs+myapt.176@mailinator.com,E1 6JJ
ncKsewAmlE,sscs+myapt.172@mailinator.com,E1 6JJ
lqeZ1K3bTV,sscs+myapt.173@mailinator.com,E1 6JJ
W39YNjPTHZ,sscs+myapt.170@mailinator.com,E1 6JJ
l0MRvP69oZ,sscs+myapt.169@mailinator.com,E1 6JJ
GLmNW4LpfU,sscs+myapt.166@mailinator.com,E1 6JJ
FBW18TX8yU,sscs+myapt.163@mailinator.com,E1 6JJ
N5m7eZKy0U,sscs+myapt.161@mailinator.com,E1 6JJ
OkO62ybHag,sscs+myapt.159@mailinator.com,E1 6JJ
nuVPVVcTqY,sscs+myapt.158@mailinator.com,E1 6JJ
V1SnNpGd3N,sscs+myapt.157@mailinator.com,E1 6JJ
SKmNzI3Prr,sscs+myapt.155@mailinator.com,E1 6JJ
dD468FQ3h7,sscs+myapt.153@mailinator.com,E1 6JJ
B0gNrEk243,sscs+myapt.154@mailinator.com,E1 6JJ
ksrXqhiTlz,sscs+myapt.151@mailinator.com,E1 6JJ
BtP2X0pSuy,sscs+myapt.150@mailinator.com,E1 6JJ
yPvUTrPJSO,sscs+myapt.148@mailinator.com,E1 6JJ
tOAiSoAs1k,sscs+myapt.147@mailinator.com,E1 6JJ
TJjGyAYe7p,sscs+myapt.146@mailinator.com,E1 6JJ
MYro0mi4O8,sscs+myapt.144@mailinator.com,E1 6JJ
deeF0bgAW8,sscs+myapt.143@mailinator.com,E1 6JJ
xuRciMkdsO,sscs+myapt.141@mailinator.com,E1 6JJ
VrImQQ82Le,sscs+myapt.140@mailinator.com,E1 6JJ
Tjk2F9ckuA,sscs+myapt.138@mailinator.com,E1 6JJ
NYkHZjPT9E,sscs+myapt.137@mailinator.com,E1 6JJ
MVw0sf5Um9,sscs+myapt.136@mailinator.com,E1 6JJ
aygdeelupg,sscs+myapt.134@mailinator.com,E1 6JJ
3ykI82Dcjx,sscs+myapt.132@mailinator.com,E1 6JJ
HRJh1eVfax,sscs+myapt.131@mailinator.com,E1 6JJ
vpNYPVRkFd,sscs+myapt.130@mailinator.com,E1 6JJ
6At6KphRbg,sscs+myapt.128@mailinator.com,E1 6JJ
LP1OiFRB6D,sscs+myapt.127@mailinator.com,E1 6JJ
Wlt24uCkZ9,sscs+myapt.125@mailinator.com,E1 6JJ
c8iOeIjieK,sscs+myapt.124@mailinator.com,E1 6JJ
OB9BT4TzPy,sscs+myapt.119@mailinator.com,E1 6JJ
xdenzPae4k,sscs+myapt.115@mailinator.com,E1 6JJ
QZaBSiga1V,sscs+myapt.113@mailinator.com,E1 6JJ
ca4jTaAZTQ,sscs+myapt.110@mailinator.com,E1 6JJ
kQdZiZk1gY,sscs+myapt.108@mailinator.com,E1 6JJ
VaVjnKTvYR,sscs+myapt.107@mailinator.com,E1 6JJ
a2gKwEcSBy,sscs+myapt.106@mailinator.com,E1 6JJ
Iwwm9J2Vkl,sscs+myapt.103@mailinator.com,E1 6JJ
xpsE6z04J9,sscs+myapt.102@mailinator.com,E1 6JJ
DcqjIyzvdm,sscs+myapt.101@mailinator.com,E1 6JJ
SrjJjfvwFi,sscs+myapt.99@mailinator.com,E1 6JJ
DRs5siD6UX,sscs+myapt.98@mailinator.com,E1 6JJ
0FXWQwRmGB,sscs+myapt.96@mailinator.com,E1 6JJ
xY1Of3C0Ly,sscs+myapt.95@mailinator.com,E1 6JJ
iHNSuZ72UE,sscs+myapt.93@mailinator.com,E1 6JJ
O9ceflCzLh,sscs+myapt.92@mailinator.com,E1 6JJ
sOFLLBfofe,sscs+myapt.90@mailinator.com,E1 6JJ
Ckh6DO5vqZ,sscs+myapt.89@mailinator.com,E1 6JJ
gcOgIxc4dH,sscs+myapt.88@mailinator.com,E1 6JJ
ackIeJRxqa,sscs+myapt.86@mailinator.com,E1 6JJ
aRyzZJDfgI,sscs+myapt.85@mailinator.com,E1 6JJ
9s7a8hcIVx,sscs+myapt.83@mailinator.com,E1 6JJ
7amux17i39,sscs+myapt.82@mailinator.com,E1 6JJ
orYmV0SKvR,sscs+myapt.81@mailinator.com,E1 6JJ
LH8BTUmSVm,sscs+myapt.79@mailinator.com,E1 6JJ
6HjgwPgWLj,sscs+myapt.77@mailinator.com,E1 6JJ
cUhGn28Ab4,sscs+myapt.76@mailinator.com,E1 6JJ
ZewLacvXEK,sscs+myapt.74@mailinator.com,E1 6JJ
qE5jqKF3cf,sscs+myapt.71@mailinator.com,E1 6JJ
p82KUbrbxb,sscs+myapt.68@mailinator.com,E1 6JJ
OV8U5n7UV4,sscs+myapt.67@mailinator.com,E1 6JJ
7oGYRsj8hF,sscs+myapt.65@mailinator.com,E1 6JJ
uxzcCVOk2u,sscs+myapt.64@mailinator.com,E1 6JJ
owsSQcox60,sscs+myapt.63@mailinator.com,E1 6JJ
IfdIpTVCfs,sscs+myapt.61@mailinator.com,E1 6JJ
eJ7rF2cZzo,sscs+myapt.56@mailinator.com,E1 6JJ
jJXDGFGgtZ,sscs+myapt.54@mailinator.com,E1 6JJ
6O1GTUouRI,sscs+myapt.53@mailinator.com,E1 6JJ
9l8tZgbbl1,sscs+myapt.51@mailinator.com,E1 6JJ
QHge1Pfd0E,sscs+myapt.50@mailinator.com,E1 6JJ
4zBuMuKs1f,sscs+myapt.49@mailinator.com,E1 6JJ
DQ3KjRUamG,sscs+myapt.47@mailinator.com,E1 6JJ
n3XhZFFpCi,sscs+myapt.46@mailinator.com,E1 6JJ
gu6BeHKtTv,sscs+myapt.44@mailinator.com,E1 6JJ
BOciHIGo6Y,sscs+myapt.43@mailinator.com,E1 6JJ
E9BE7lOtzt,sscs+myapt.41@mailinator.com,E1 6JJ
mBAIZScgJT,sscs+myapt.40@mailinator.com,E1 6JJ
QVKoorzowg,sscs+myapt.38@mailinator.com,E1 6JJ
yZyVpOfIy1,sscs+myapt.37@mailinator.com,E1 6JJ
efbHGRvFbd,sscs+myapt.36@mailinator.com,E1 6JJ
bBdXJcxlI3,sscs+myapt.34@mailinator.com,E1 6JJ
NEI0deIIxk,sscs+myapt.33@mailinator.com,E1 6JJ
SLLn38PIru,sscs+myapt.32@mailinator.com,E1 6JJ
g6g6ZfkzSR,sscs+myapt.30@mailinator.com,E1 6JJ
ilkdc7aLMT,sscs+myapt.29@mailinator.com,E1 6JJ
eqti3qRgir,sscs+myapt.28@mailinator.com,E1 6JJ
WBYjI4WAYJ,sscs+myapt.26@mailinator.com,E1 6JJ
ddcyokUTYm,sscs+myapt.25@mailinator.com,E1 6JJ
AyUxQq80dp,sscs+myapt.24@mailinator.com,E1 6JJ
RoUarSDqOe,sscs+myapt.22@mailinator.com,E1 6JJ
rrohBjkctX,sscs+myapt.21@mailinator.com,E1 6JJ
0F7FkwmeaK,sscs+myapt.19@mailinator.com,E1 6JJ
oHjqAXJKu0,sscs+myapt.18@mailinator.com,E1 6JJ
OXB8axQGm6,sscs+myapt.16@mailinator.com,E1 6JJ
5QWTCjibPl,sscs+myapt.15@mailinator.com,E1 6JJ
CdKbEEUuTs,sscs+myapt.14@mailinator.com,E1 6JJ
1OgvaZ9iWg,sscs+myapt.12@mailinator.com,E1 6JJ
0yDhg1lowy,sscs+myapt.10@mailinator.com,E1 6JJ
G4i10sk5LF,sscs+myapt.9@mailinator.com,E1 6JJ
UDuKdsZb5h,sscs+myapt.8@mailinator.com,E1 6JJ
oGPwNsRvvm,sscs+myapt.7@mailinator.com,E1 6JJ
Ld5BQ5wlfX,sscs+myapt.6@mailinator.com,E1 6JJ
hGv1R0xk31,sscs+myapt.5@mailinator.com,E1 6JJ
EeOxzpkk8s,sscs+myapt.4@mailinator.com,E1 6JJ
OMYPvIUKGF,sscs+myapt.3@mailinator.com,E1 6JJ
PNBgEjwBGe,sscs+myapt.1@mailinator.com,E1 6JJ
JmogrSocQw,sscs+myapt.2@mailinator.com,E1 6JJ
yIPzpEgwaj,sscs+myat.500@mailinator.com,E1 6JJ
XosYn6iR1T,sscs+myat.498@mailinator.com,E1 6JJ
UT1W2Rteei,sscs+myat.499@mailinator.com,E1 6JJ
PzPq966Hyp,sscs+myat.497@mailinator.com,E1 6JJ
XCRf1CznHh,sscs+myat.496@mailinator.com,E1 6JJ
daq7ugZeeS,sscs+myat.491@mailinator.com,E1 6JJ
ht3O6jhUHk,sscs+myat.493@mailinator.com,E1 6JJ
9Gm7ObzcHF,sscs+myat.492@mailinator.com,E1 6JJ
w2DV7XH3rk,sscs+myat.487@mailinator.com,E1 6JJ
HUqNZO4sKL,sscs+myat.480@mailinator.com,E1 6JJ
kl11GXbwfw,sscs+myat.477@mailinator.com,E1 6JJ
iw2OmScHtC,sscs+myat.476@mailinator.com,E1 6JJ
ALRu38XXEt,sscs+myat.473@mailinator.com,E1 6JJ
Kv9SnYTi2d,sscs+myat.470@mailinator.com,E1 6JJ
QyjxpaLlIM,sscs+myat.468@mailinator.com,E1 6JJ
1ETDTeLqkx,sscs+myat.463@mailinator.com,E1 6JJ
J7ZmxTPLuT,sscs+myat.466@mailinator.com,E1 6JJ
yyaxZqAvUd,sscs+myat.465@mailinator.com,E1 6JJ
TobcnBxoNU,sscs+myat.460@mailinator.com,E1 6JJ
aarOplwU0f,sscs+myat.464@mailinator.com,E1 6JJ
tGJG4g5lCg,sscs+myat.462@mailinator.com,E1 6JJ
Y2rctOkHRM,sscs+myat.459@mailinator.com,E1 6JJ
qsdv5vtvjU,sscs+myat.457@mailinator.com,E1 6JJ
dt0UEbOKPV,sscs+myat.453@mailinator.com,E1 6JJ
ayj2Vj4a1u,sscs+myat.456@mailinator.com,E1 6JJ
Lkyj2fguvx,sscs+myat.451@mailinator.com,E1 6JJ
mUzv3sWB1D,sscs+myat.448@mailinator.com,E1 6JJ
TMY1f3QaR9,sscs+myat.450@mailinator.com,E1 6JJ
hwrr6kKGAX,sscs+myat.443@mailinator.com,E1 6JJ
tllI12ptUF,sscs+myat.446@mailinator.com,E1 6JJ
EbxERJ63ru,sscs+myat.441@mailinator.com,E1 6JJ
CE9CvmPmL1,sscs+myat.439@mailinator.com,E1 6JJ
rhg9WFi44Y,sscs+myat.437@mailinator.com,E1 6JJ
6dJu0JPFJH,sscs+myat.436@mailinator.com,E1 6JJ
X6Rn0aEoiJ,sscs+myat.435@mailinator.com,E1 6JJ
uSQBQWFHNh,sscs+myat.434@mailinator.com,E1 6JJ
zpSltvJdp4,sscs+myat.433@mailinator.com,E1 6JJ
HyYhrvQZLA,sscs+myat.431@mailinator.com,E1 6JJ
KOh6wb6lpN,sscs+myat.421@mailinator.com,E1 6JJ
J4npDEQGwF,sscs+myat.422@mailinator.com,E1 6JJ
Ua0UAKChF6,sscs+myat.424@mailinator.com,E1 6JJ
COdPjvOhMq,sscs+myat.420@mailinator.com,E1 6JJ
J07VPDc3M2,sscs+myat.419@mailinator.com,E1 6JJ
rXXIfvjfZd,sscs+myat.418@mailinator.com,E1 6JJ
QoSm3YyakQ,sscs+myat.413@mailinator.com,E1 6JJ
GjkieCILEB,sscs+myat.416@mailinator.com,E1 6JJ
WeBolznztp,sscs+myat.417@mailinator.com,E1 6JJ
6GW0ki8BOh,sscs+myat.410@mailinator.com,E1 6JJ
OzFbq9btXi,sscs+myat.411@mailinator.com,E1 6JJ
TLu3TJVcm1,sscs+myat.407@mailinator.com,E1 6JJ
dHdMh9VUWA,sscs+myat.405@mailinator.com,E1 6JJ
vXm8moDnTo,sscs+myat.404@mailinator.com,E1 6JJ
g010wDNl0e,sscs+myat.403@mailinator.com,E1 6JJ
NljJe32WAl,sscs+myat.402@mailinator.com,E1 6JJ





